Pas (mm),Absorbance
20.93,0.7979854953686156
24.74500000000001,0.6760070647256511
